{
    "parent": "ebf:smelting/kinda_sticky",

    "criteria": {
        "terracotta": {
            "trigger": "minecraft:inventory_changed",
            "conditions": {
                "items": [ {
                        "items": [
                            "minecraft:terracotta"
                        ]
                    }
                ]
            }
        }
    },
    
    "display": {
        "icon": {
            "id": "minecraft:terracotta"
        },
        "title": {
            "translate": "A different route",
            "color": "#b8b8b8"
        },
        "description": {
            "translate": "So what now?"
        },
        "frame": "task",
        "show_toast": true,
        "announce_to_chat": true,
        "hidden": false
    } 
}