{
    "parent": "ebf:smelting/stoned",

    "criteria": {
        "stone_bricks": {
            "trigger": "minecraft:inventory_changed",
            "conditions": {
                "items": [ {
                        "items": [
                            "minecraft:stone_bricks"
                        ]
                    }
                ]
            }
        }
    },
    
    "display": {
        "icon": {
            "id": "minecraft:stone_bricks"
        },
        "title": {
            "translate": "A true mason.",
            "color": "#c9c9c9"
        },
        "description": {
            "translate": "I crafted this with my bare hands!",
            "color": "#ffffff"
        },
        "frame": "task",
        "show_toast": true,
        "announce_to_chat": true,
        "hidden": false
    }
}