{
    "parent": "ebf:smelting/kinda_sticky",
    
    "criteria": {
        "brick": {
            "trigger": "minecraft:inventory_changed",
            "conditions": {
                "items": [ {
                        "items": [
                            "minecraft:brick"
                        ]
                    }
                ]
            }
        }
    },

    "display": {
        "icon": {
            "id": "minecraft:brick"
        },
        "title": {
            "translate": "All bricked up",
            "color": "#7a3416"
        },
        "description": {
            "translate": "Smelt clay to bricks",
            "color": "#d46535"
        },
        "frame": "task",
        "show_toast": true,
        "announce_to_chat": true,
        "hidden": false
    },
    
    "rewards": {
        "experience": 50
    }
}