{
    "parent": "ebf:smelting/red_or_yellow",

    "criteria": {
        "smooth_red_sandstone": {
            "trigger": "minecraft:inventory_changed",
            "conditions": {
                "items": [ 
                    {
                        "items": [
                            "minecraft:smooth_red_sandstone"
                        ]
                    }
                ]
            }
        }
    },

    "display": {
        "icon": {
            "id": "minecraft:smooth_red_sandstone"
        },
        "title": {
            "translate": "Exotic sandstone",
            "color": "#00ff22",
            "italic": true
        },
        "description": {
            "translate": "Smooth out some red sandstone",
            "color": "#5cefff"
        },
        "frame": "goal",
        "show_toast": true,
        "announce_to_chat": true,
        "hidden": false
    },
    
    "rewards": {
        "experience": 50
    }
}