{
    "parent": "ebf:smelting/root",

    "criteria": {
        "smooth_quartz": {
            "trigger": "minecraft:inventory_changed",
            "conditions": {
                "items": [ 
                    {
                        "items": [
                            "minecraft:smooth_quartz"
                        ]
                    }
                ]
            }
        }
    },

    "display": {
        "icon": {
            "id": "minecraft:smooth_quartz"
        },
        "title": {
            "translate": "From the depths of Hell",
            "color": "#00ff22",
            "italic": true
        },
        "description": {
            "translate": "Acquire quartz, make it a block and manage to smooth it out",
            "color": "#5cefff"
        },
        "frame": "goal",
        "show_toast": true,
        "announce_to_chat": true,
        "hidden": false
    },
    
    "rewards": {
        "experience": 50
    }
}