{
    "parent": "ebf:smelting/root",

    "criteria": {
        "dried_kelp": {
            "conditions": {
                "items": [ 
                    {
                        "items": "minecraft:dried_kelp"
                    }
                ]
            },
            "trigger": "minecraft:inventory_changed"
        }
    },

    "display": {
        "description": {
            "translate": "Dry out some kelp"
        },
        "icon": {
            "id": "minecraft:kelp"
        },
        "title": {
            "translate": "From soggy to dry",
            "color": "#03940a"
        },
        "frame": "task",
        "show_toast": true,
        "announce_to_chat": true,
        "hidden": false
    }
}