{
    "parent": "ebf:smelting/root",

    "criteria": {
        "popped_chorus_fruit": {
            "trigger": "minecraft:inventory_changed",
            "conditions": {
                "items": [ 
                    {
                        "items": [
                            "minecraft:popped_chorus_fruit"
                        ]
                    }
                ]
            }
        }
    },

    "display": {
        "icon": {
            "id": "minecraft:popped_chorus_fruit"
        },
        "title": {
            "translate": "Fruity!",
            "color": "#bf00ff"
        },
        "description": {
            "translate": "Pop a mo.. Chorus!!",
            "color": "#fc5bef"
        },
        "frame": "task",
        "show_toast": true,
        "announce_to_chat": true,
        "hidden": false
    }
}