{
    "parent": "ebf:smelting/a_different_route",
    
    "criteria": {
        "black_glazed_terracotta": {
            "trigger": "minecraft:inventory_changed",
            "conditions": {
                "items": [ {
                        "items": [
                            "minecraft:black_glazed_terracotta"
                        ]
                    }
                ]
            }
        },

        "blue_glazed_terracotta": {
            "trigger": "minecraft:inventory_changed",
            "conditions": {
                "items": [ {
                    "items": [
                        "minecraft:blue_glazed_terracotta"
                    ]
                    }
                ]
            }
        },

        "brown_glazed_terracotta": {
            "trigger": "minecraft:inventory_changed",
            "conditions": {
                "items": [ {
                    "items": [
                        "minecraft:brown_glazed_terracotta"
                    ]
                    }
                ]
            }
        },

        "yellow_glazed_terracotta": {
            "trigger": "minecraft:inventory_changed",
            "conditions": {
                "items": [ {
                    "items": [
                        "minecraft:yellow_glazed_terracotta"
                    ]
                    }
                ]
            }
        },

        "white_glazed_terracotta": {
            "trigger": "minecraft:inventory_changed",
            "conditions": {
                "items": [ {
                    "items": [
                        "minecraft:white_glazed_terracotta"
                    ]
                    }
                ]
            }
        },

        "red_glazed_terracotta": {
            "trigger": "minecraft:inventory_changed",
            "conditions": {
                "items": [ {
                    "items": [
                        "minecraft:red_glazed_terracotta"
                    ]
                    }
                ]
            }
        },

        "purple_glazed_terracotta": {
            "trigger": "minecraft:inventory_changed",
            "conditions": {
                "items": [ {
                    "items": [
                        "minecraft:purple_glazed_terracotta"
                    ]
                    }
                ]
            }
        },

        "orange_glazed_terracotta": {
            "trigger": "minecraft:inventory_changed",
            "conditions": {
                "items": [ {
                    "items": [
                        "minecraft:orange_glazed_terracotta"
                    ]
                    }
                ]
            }
        },

        "pink_glazed_terracotta": {
            "trigger": "minecraft:inventory_changed",
            "conditions": {
                "items": [ {
                    "items": [
                        "minecraft:pink_glazed_terracotta"
                    ]
                    }
                ]
            }
        },

        "magenta_glazed_terracotta": {
            "trigger": "minecraft:inventory_changed",
            "conditions": {
                "items": [ {
                    "items": [
                        "minecraft:magenta_glazed_terracotta"
                    ]
                    }
                ]
            }
        },

        "light_gray_glazed_terracotta": {
            "trigger": "minecraft:inventory_changed",
            "conditions": {
                "items": [ {
                    "items": [
                        "minecraft:light_gray_glazed_terracotta"
                    ]
                    }
                ]
            }
        },

        "lime_glazed_terracotta": {
            "trigger": "minecraft:inventory_changed",
            "conditions": {
                "items": [ {
                    "items": [
                        "minecraft:lime_glazed_terracotta"
                    ]
                    }
                ]
            }
        },

        "light_blue_glazed_terracotta": {
            "trigger": "minecraft:inventory_changed",
            "conditions": {
                "items": [ {
                    "items": [
                        "minecraft:light_blue_glazed_terracotta"
                    ]
                    }
                ]
            }
        },

        "green_glazed_terracotta": {
            "trigger": "minecraft:inventory_changed",
            "conditions": {
                "items": [ {
                    "items": [
                        "minecraft:green_glazed_terracotta"
                    ]
                    }
                ]
            }
        },

        "gray_glazed_terracotta": {
            "trigger": "minecraft:inventory_changed",
            "conditions": {
                "items": [ {
                    "items": [
                        "minecraft:gray_glazed_terracotta"
                    ]
                    }
                ]
            }
        },

        "cyan_glazed_terracotta": {
            "trigger": "minecraft:inventory_changed",
            "conditions": {
                "items": [ {
                    "items": [
                        "minecraft:cyan_glazed_terracotta"
                    ]
                    }
                ]
            }
        }
    },

    "display": {
        "icon": {
            "id": "minecraft:black_glazed_terracotta"
        },
        "title": {
            "translate": "Glaze it!",
            "color": "#00ff22",
            "italic": true
        },
        "description": {
            "translate": "Have all types of glazed terracotta in your inventory.",
            "color": "#5cefff"
        },
        "frame": "goal",
        "show_toast": true,
        "announce_to_chat": true,
        "hidden": false
    },
    
    "rewards": {
        "experience": 50
    }
}