{
    "parent": "ebf:smelting/root",

    "criteria": {
        "clay_ball": {
            "trigger": "minecraft:inventory_changed",
            "conditions": {
                "items": [ 
                    {
                        "items": [
                            "minecraft:clay_ball"
                        ]
                    }
                ]
            }
        }
    },

    "display": {
        "icon": {
            "id": "minecraft:clay_ball"
        },
        "title": {
            "translate": "Kinda sticky",
            "color": "#b8b8b8"
        },
        "description": {
            "translate": "Pick up some clay"
        },
        "frame": "task",
        "show_toast": true,
        "announce_to_chat": true,
        "hidden": false
    }
}