{
    "parent": "ebf:smelting/root",
    "criteria": {
      "leaf_litter_detected": {
        "trigger": "minecraft:inventory_changed",
        "conditions": {
          "items": [
            {
              "items": [
                "minecraft:leaf_litter"
              ]
            }
          ]
        }
      }
    },
    
    "display": {
      "description": {
        "translate": "Dry out some leaves by smelting them",
        "color": "#419c00"
      },
      "icon": {
        "count": 1,
        "id": "minecraft:leaf_litter"
      },
      "title": {
        "translate": "Littering around",
        "color": "#c9c9c9"
      },
      "frame": "task",
      "show_toast": true,
      "announce_to_chat": true,
      "hidden": false
    }
  }