{
    "parent": "ebf:smelting/red_or_yellow",

    "criteria": {
        "glass": {
            "trigger": "minecraft:inventory_changed",
            "conditions": {
                "items": [ 
                    {
                        "items": [
                            "minecraft:glass"
                        ]
                    }
                ]
            }
        }
    },

    "display": {
        "icon": {
            "id": "minecraft:glass"
        },
        "title": {
            "translate": "Peeky blinders",
            "color": "#fcc612"
        },
        "description": {
            "translate": "Smelt sand to glass",
            "color": "#ffffff"
        },
        "frame": "task",
        "show_toast": true,
        "announce_to_chat": true,
        "hidden": false
    }
}