{
    "parent": "ebf:smelting/root",

    "criteria": {
        "sand": {
            "trigger": "minecraft:inventory_changed",
            "conditions": {
                "items": [ 
                    {
                        "items": [
                            "minecraft:sand",
                            "minecraft:red_sand"
                        ]
                    }
                ]
            }
        }
    },

    "display": {
        "icon": {
            "id": "minecraft:sand"
        },
        "title": {
            "translate": "Red or yellow?",
            "color": "#fcc612"
        },
        "description": {
            "translate": "Have (red) sand in your inventory",
            "color": "#ffffff"
        },
        "frame": "task",
        "show_toast": true,
        "announce_to_chat": true,
        "hidden": false
    }
}