{
    "parent": "ebf:smelting/from_soggy_to_dry",

    "criteria": {
        "dried_kelp_block": {
            "trigger": "minecraft:inventory_changed",
            "conditions": {
                "items": [ 
                    {
                        "items": [
                            "minecraft:dried_kelp_block"
                        ],

                        "count": 64
                    }
                ]
            }
        }
    },

    "display": {
        "icon": {
            "id": "minecraft:dried_kelp_block"
        },
        "title": {
            "translate": "Renewable energy",
            "color": "#00ff22",
            "italic": true
        },
        "description": {
            "translate": "Craft 64 dried kelp blocks to use as fuel",
            "color": "#5cefff"
        },
        "frame": "goal",
        "show_toast": true,
        "announce_to_chat": true,
        "hidden": false
    },

    "rewards": {
        "experience": 50
    }
}