{
    "criteria": {
        "conditions": {
            "trigger": "minecraft:tick"
        }
    },
    "display": {
        "icon": {
            "id": "minecraft:blast_furnace"
        },
        "title": {
            "translate": "Enhanced Blast Furnace",
            "color": "gold",
            "bold": true
        },
        "description": {
            "translate": "Smelts faster than ever!",
            "color": "blue",
            "italics": true
        },
        "background": "minecraft:block/coal_block",
        "show_toast": false,
        "announce_to_chat": false,
        "frame": "task"
    }
}