{
    "parent": "ebf:smelting/all_bricked_up",
    
    "criteria": {
        "bricks": {
            "trigger": "minecraft:inventory_changed",
            "conditions": {
                "items": [ {
                        "items": [
                            "minecraft:bricks"
                        ]
                    }
                ]
            }
        }
    },

    "display": {
        "icon": {
            "id": "minecraft:bricks"
        },
        "title": {
            "translate": "Square up",
            "color": "#00ff22",
            "italic": true
        },
        "description": {
            "translate": "Do that.. Literally.. with bricks!",
            "color": "#5cefff"
        },
        "frame": "goal",
        "show_toast": true,
        "announce_to_chat": true,
        "hidden": false
    },
    
    "rewards": {
        "experience": 50
    }
}