{
    "parent": "ebf:smelting/peeky_blinders",

    "criteria": {
        "coloured_glass": {
            "trigger": "minecraft:inventory_changed",
            "conditions": {
                "items": [ 
                    {
                        "items": [
                            "minecraft:white_stained_glass",
                            "minecraft:light_gray_stained_glass",
                            "minecraft:gray_stained_glass",
                            "minecraft:black_stained_glass",
                            "minecraft:brown_stained_glass",
                            "minecraft:red_stained_glass",
                            "minecraft:orange_stained_glass",
                            "minecraft:yellow_stained_glass",
                            "minecraft:lime_stained_glass",
                            "minecraft:green_stained_glass",
                            "minecraft:cyan_stained_glass",
                            "minecraft:light_blue_stained_glass",
                            "minecraft:blue_stained_glass",
                            "minecraft:purple_stained_glass",
                            "minecraft:magenta_stained_glass",
                            "minecraft:pink_stained_glass"
                        ]
                    }
                ]
            }
        }
    },

    "display": {
        "icon": {
            "id": "minecraft:red_stained_glass"
        },
        "title": {
            "translate": "Stained glass",
            "color": "#00ff22",
            "italic": true
        },
        "description": {
            "translate": "Put some colour into your glass",
            "color": "#5cefff"
        },
        "frame": "goal",
        "show_toast": true,
        "announce_to_chat": true,
        "hidden": false
    },

    "rewards": {
        "experience": 100
    }
}