{
    "parent": "ebf:smelting/root",
    
    "criteria": {
        "stone": {
            "trigger": "minecraft:inventory_changed",
            "conditions": {
                "items": [ {
                        "items": [
                            "minecraft:stone"
                        ]
                    }
                ]
            }
        }
    },

    "display": {
        "icon": {
            "id": "minecraft:stone"
        },
        "title": {
            "translate": "Stoned!",
            "color": "#c9c9c9"
        },
        "description": {
            "translate": "Do I smell something funky?",
            "color": "#419c00"
        },
        "frame": "task",
        "show_toast": true,
        "announce_to_chat": true,
        "hidden": false
    }
}