{
    "parent": "ebf:smelting/a_true_mason",
    
    "criteria": {
        "cracked_stone_bricks": {
            "trigger": "minecraft:inventory_changed",
            "conditions": {
                "items": [ {
                        "items": [
                            "minecraft:cracked_stone_bricks"
                        ]
                    }
                ]
            }
        }
    },

    "display": {
        "icon": {
            "id": "minecraft:cracked_stone_bricks"
        },
        "title": {
            "translate": "We do a little bit of cracking",
            "color": "#00ff22",
            "italic": true
        },
        "description": {
            "translate": "Crack up some bricks",
            "color": "#5cefff"
        },
        "frame": "goal",
        "show_toast": true,
        "announce_to_chat": true,
        "hidden": false
    },
    
    "rewards": {
        "experience": 50
    }
}